{
  "training_data\\温馨提示\\b8e3671a92ea7e5b87ef280439b57951 - 副本 (10) - 副本.png": [
    {
      "class": "确认按钮",
      "x1": 201.26769230769233,
      "y1": 565.8830769230769,
      "x2": 335.4461538461539,
      "y2": 614.0123076923078
    }
  ],
  "training_data\\温馨提示\\b8e3671a92ea7e5b87ef280439b57951 - 副本 (10).png": [
    {
      "class": "确认按钮",
      "x1": 196.62129556003944,
      "y1": 568.0420445269485,
      "x2": 330.3498564061192,
      "y2": 615.7213746037976
    }
  ],
  "training_data\\温馨提示\\b8e3671a92ea7e5b87ef280439b57951 - 副本 (11) - 副本.png": [
    {
      "class": "确认按钮",
      "x1": 199.21680647650857,
      "y1": 566.8142198949912,
      "x2": 331.1030561887106,
      "y2": 612.6512388379624
    }
  ],
  "training_data\\温馨提示\\b8e3671a92ea7e5b87ef280439b57951 - 副本 (11).png": [
    {
      "class": "确认按钮",
      "x1": 199.30945288679823,
      "y1": 565.5026190862708,
      "x2": 333.0805530531383,
      "y2": 613.2244884833799
    }
  ],
  "training_data\\温馨提示\\b8e3671a92ea7e5b87ef280439b57951 - 副本 (12) - 副本.png": [
    {
      "class": "确认按钮",
      "x1": 200.07293269392542,
      "y1": 566.8156523931874,
      "x2": 332.05128077876583,
      "y2": 612.7447697087969
    }
  ],
  "training_data\\温馨提示\\b8e3671a92ea7e5b87ef280439b57951 - 副本 (12).png": [
    {
      "class": "确认按钮",
      "x1": 199.04737979788956,
      "y1": 565.943880944406,
      "x2": 331.37026167701543,
      "y2": 612.217532054301
    }
  ],
  "training_data\\温馨提示\\b8e3671a92ea7e5b87ef280439b57951 - 副本 (13) - 副本.png": [
    {
      "class": "确认按钮",
      "x1": 202.7582342017456,
      "y1": 566.9798332646174,
      "x2": 335.30808308885366,
      "y2": 613.4804513824946
    }
  ],
  "training_data\\温馨提示\\b8e3671a92ea7e5b87ef280439b57951 - 副本 (13).png": [
    {
      "class": "确认按钮",
      "x1": 205.42406762729215,
      "y1": 567.1384782840919,
      "x2": 338.5442129736984,
      "y2": 614.2093928612672
    }
  ],
  "training_data\\温馨提示\\b8e3671a92ea7e5b87ef280439b57951 - 副本 (14) - 副本.png": [
    {
      "class": "确认按钮",
      "x1": 206.18245450742162,
      "y1": 565.0837253511929,
      "x2": 340.70265894263764,
      "y2": 613.5546990171781
    }
  ],
  "training_data\\温馨提示\\b8e3671a92ea7e5b87ef280439b57951 - 副本 (14).png": [
    {
      "class": "确认按钮",
      "x1": 206.6396897793353,
      "y1": 563.9433701821763,
      "x2": 342.01459358459533,
      "y2": 613.2690432182055
    }
  ],
  "training_data\\温馨提示\\b8e3671a92ea7e5b87ef280439b57951 - 副本 (15) - 副本.png": [
    {
      "class": "确认按钮",
      "x1": 205.9325004455039,
      "y1": 565.4519687907733,
      "x2": 341.96144696882203,
      "y2": 615.4316845448606
    }
  ],
  "training_data\\温馨提示\\b8e3671a92ea7e5b87ef280439b57951 - 副本 (15).png": [
    {
      "class": "确认按钮",
      "x1": 209.6726628844259,
      "y1": 563.4614390484346,
      "x2": 346.1554138048381,
      "y2": 613.8949591996159
    }
  ],
  "training_data\\温馨提示\\b8e3671a92ea7e5b87ef280439b57951 - 副本 (16) - 副本.png": [
    {
      "class": "确认按钮",
      "x1": 210.68503990062624,
      "y1": 562.730744418045,
      "x2": 346.1132489701245,
      "y2": 612.1097227183124
    }
  ],
  "training_data\\温馨提示\\b8e3671a92ea7e5b87ef280439b57951 - 副本 (17) - 副本.png": [
    {
      "class": "确认按钮",
      "x1": 205.10294510310732,
      "y1": 562.6793722414176,
      "x2": 342.4128731133389,
      "y2": 613.9400694824183
    }
  ],
  "training_data\\温馨提示\\b8e3671a92ea7e5b87ef280439b57951 - 副本 (18) - 副本.png": [
    {
      "class": "确认按钮",
      "x1": 208.33084053343683,
      "y1": 561.0514415942835,
      "x2": 345.0683730076526,
      "y2": 611.7397432992683
    }
  ],
  "training_data\\温馨提示\\b8e3671a92ea7e5b87ef280439b57951 - 副本 (19) - 副本.png": [
    {
      "class": "确认按钮",
      "x1": 205.50064474953734,
      "y1": 560.4034217717668,
      "x2": 341.54659603122013,
      "y2": 610.4001422842188
    }
  ],
  "training_data\\温馨提示\\b8e3671a92ea7e5b87ef280439b57951 - 副本 (2) - 副本.png": [
    {
      "class": "确认按钮",
      "x1": 201.5307188922725,
      "y1": 566.7440214126177,
      "x2": 336.51936126972197,
      "y2": 615.6834330208364
    }
  ],
  "training_data\\温馨提示\\b8e3671a92ea7e5b87ef280439b57951 - 副本 (2).png": [
    {
      "class": "确认按钮",
      "x1": 203.07272833385875,
      "y1": 567.4368955272945,
      "x2": 336.9972109988956,
      "y2": 615.3121474231006
    }
  ],
  "training_data\\温馨提示\\b8e3671a92ea7e5b87ef280439b57951 - 副本 (20) - 副本.png": [
    {
      "class": "确认按钮",
      "x1": 201.19318610184845,
      "y1": 565.046627150343,
      "x2": 336.3086713440956,
      "y2": 614.1128816233594
    }
  ],
  "training_data\\温馨提示\\b8e3671a92ea7e5b87ef280439b57951 - 副本 (21) - 副本.png": [
    {
      "class": "确认按钮",
      "x1": 206.89104513223273,
      "y1": 564.1749675602114,
      "x2": 340.49250100944977,
      "y2": 611.7271926681975
    }
  ],
  "training_data\\温馨提示\\b8e3671a92ea7e5b87ef280439b57951 - 副本 (22) - 副本.png": [
    {
      "class": "确认按钮",
      "x1": 192.93919150742522,
      "y1": 565.7807116485733,
      "x2": 327.771366003866,
      "y2": 614.5636553757831
    }
  ],
  "training_data\\温馨提示\\b8e3671a92ea7e5b87ef280439b57951 - 副本 (23) - 副本.png": [
    {
      "class": "确认按钮",
      "x1": 197.36796746393216,
      "y1": 565.2060999747084,
      "x2": 331.9169033363539,
      "y2": 613.7058050778993
    }
  ],
  "training_data\\温馨提示\\b8e3671a92ea7e5b87ef280439b57951 - 副本 (24) - 副本.png": [
    {
      "class": "确认按钮",
      "x1": 196.9016846104333,
      "y1": 567.025316003089,
      "x2": 331.53523934574883,
      "y2": 615.6096399691736
    }
  ],
  "training_data\\温馨提示\\b8e3671a92ea7e5b87ef280439b57951 - 副本 (25) - 副本.png": [
    {
      "class": "确认按钮",
      "x1": 201.15085701239695,
      "y1": 564.9750500894933,
      "x2": 337.09043836981306,
      "y2": 614.8654006776783
    }
  ],
  "training_data\\温馨提示\\b8e3671a92ea7e5b87ef280439b57951 - 副本 (26) - 副本.png": [
    {
      "class": "确认按钮",
      "x1": 202.81168980324713,
      "y1": 563.8842035700825,
      "x2": 339.02783577993324,
      "y2": 614.0511187775375
    }
  ],
  "training_data\\温馨提示\\b8e3671a92ea7e5b87ef280439b57951 - 副本 (27) - 副本.png": [
    {
      "class": "确认按钮",
      "x1": 200.8332140595239,
      "y1": 566.1102664246632,
      "x2": 337.57906130917723,
      "y2": 616.8068829050853
    }
  ],
  "training_data\\温馨提示\\b8e3671a92ea7e5b87ef280439b57951 - 副本 (28) - 副本.png": [
    {
      "class": "确认按钮",
      "x1": 203.76794263960647,
      "y1": 562.5359679622976,
      "x2": 341.18447751938464,
      "y2": 613.9032720728445
    }
  ],
  "training_data\\温馨提示\\b8e3671a92ea7e5b87ef280439b57951 - 副本 (29) - 副本.png": [
    {
      "class": "确认按钮",
      "x1": 202.39287023307284,
      "y1": 562.5578879532501,
      "x2": 338.2372053849852,
      "y2": 612.3529923359313
    }
  ],
  "training_data\\温馨提示\\b8e3671a92ea7e5b87ef280439b57951 - 副本 (3) - 副本.png": [
    {
      "class": "确认按钮",
      "x1": 202.43260625995137,
      "y1": 562.5638914781117,
      "x2": 337.62596197551494,
      "y2": 611.7080164244442
    }
  ],
  "training_data\\温馨提示\\b8e3671a92ea7e5b87ef280439b57951 - 副本 (3).png": [
    {
      "class": "确认按钮",
      "x1": 198.83738046749534,
      "y1": 562.7184725051651,
      "x2": 334.1061535156799,
      "y2": 611.9380147841185
    }
  ],
  "training_data\\温馨提示\\b8e3671a92ea7e5b87ef280439b57951 - 副本 (30) - 副本.png": [
    {
      "class": "确认按钮",
      "x1": 193.96092604494157,
      "y1": 560.7042117226994,
      "x2": 330.471587598586,
      "y2": 611.1656425071127
    }
  ],
  "training_data\\温馨提示\\b8e3671a92ea7e5b87ef280439b57951 - 副本 (31) - 副本.png": [
    {
      "class": "确认按钮",
      "x1": 200.19870139586797,
      "y1": 566.2135158482337,
      "x2": 335.567231341797,
      "y2": 615.5328150249314
    }
  ],
  "training_data\\温馨提示\\b8e3671a92ea7e5b87ef280439b57951 - 副本 (32) - 副本.png": [
    {
      "class": "确认按钮",
      "x1": 202.75069309708283,
      "y1": 563.7446240288474,
      "x2": 339.8938222050384,