{
  "training_data\\首页异常代码弹窗\\ad6721587cf97001c22f2083a0355a23 - 副本 (10) - 副本.png": [
    {
      "class": "确认按钮",
      "x1": 396.9134948096886,
      "y1": 563.1141868512111,
      "x2": 465.7993079584775,
      "y2": 607.9446366782007
    }
  ],
  "training_data\\首页异常代码弹窗\\ad6721587cf97001c22f2083a0355a23 - 副本 (10).png": [
    {
      "class": "确认按钮",
      "x1": 397.25077873906594,
      "y1": 562.4052275026327,
      "x2": 465.74122611471637,
      "y2": 606.8403115564837
    }
  ],
  "training_data\\首页异常代码弹窗\\ad6721587cf97001c22f2083a0355a23 - 副本 (11) - 副本.png": [
    {
      "class": "确认按钮",
      "x1": 394.5421397570434,
      "y1": 563.295203685812,
      "x2": 462.60419748802354,
      "y2": 607.3018980949928
    }
  ],
  "training_data\\首页异常代码弹窗\\ad6721587cf97001c22f2083a0355a23 - 副本 (11).png": [
    {
      "class": "确认按钮",
      "x1": 393.8022582672922,
      "y1": 564.4759757228533,
      "x2": 460.2517286575951,
      "y2": 606.8700827913568
    }
  ],
  "training_data\\首页异常代码弹窗\\ad6721587cf97001c22f2083a0355a23 - 副本 (12) - 副本.png": [
    {
      "class": "确认按钮",
      "x1": 392.61158873254413,
      "y1": 565.9911041595508,
      "x2": 458.4728590486338,
      "y2": 607.7970111538411
    }
  ],
  "training_data\\首页异常代码弹窗\\ad6721587cf97001c22f2083a0355a23 - 副本 (12).png": [
    {
      "class": "确认按钮",
      "x1": 402.1238486115589,
      "y1": 565.231541212052,
      "x2": 469.45425685099,
      "y2": 608.5065861296838
    }
  ],
  "training_data\\首页异常代码弹窗\\ad6721587cf97001c22f2083a0355a23 - 副本 (13) - 副本.png": [
    {
      "class": "确认按钮",
      "x1": 401.4286588436456,
      "y1": 567.7176138047893,
      "x2": 467.1663208979832,
      "y2": 609.3999125373275
    }
  ],
  "training_data\\首页异常代码弹窗\\ad6721587cf97001c22f2083a0355a23 - 副本 (13).png": [
    {
      "class": "确认按钮",
      "x1": 399.3313583569654,
      "y1": 568.7021099230622,
      "x2": 466.26853142760694,
      "y2": 611.5839196719045
    }
  ],
  "training_data\\首页异常代码弹窗\\ad6721587cf97001c22f2083a0355a23 - 副本 (14) - 副本.png": [
    {
      "class": "确认按钮",
      "x1": 396.2765525654475,
      "y1": 566.4405492861725,
      "x2": 465.1085439781653,
      "y2": 611.217177377091
    }
  ],
  "training_data\\首页异常代码弹窗\\ad6721587cf97001c22f2083a0355a23 - 副本 (15) - 副本.png": [
    {
      "class": "确认按钮",
      "x1": 398.79814495542684,
      "y1": 568.4052551410052,
      "x2": 467.79709659789745,
      "y2": 613.3488434616766
    }
  ],
  "training_data\\首页异常代码弹窗\\ad6721587cf97001c22f2083a0355a23 - 副本 (16) - 副本.png": [
    {
      "class": "确认按钮",
      "x1": 399.5176603251021,
      "y1": 567.4261211512296,
      "x2": 468.6830886297428,
      "y2": 612.5361861340709
    }
  ],
  "training_data\\首页异常代码弹窗\\ad6721587cf97001c22f2083a0355a23 - 副本 (17) - 副本.png": [
    {
      "class": "确认按钮",
      "x1": 396.4975059287783,
      "y1": 566.0066136175417,
      "x2": 465.6007679934137,
      "y2": 611.0545123603775
    }
  ],
  "training_data\\首页异常代码弹窗\\ad6721587cf97001c22f2083a0355a23 - 副本 (18) - 副本.png": [
    {
      "class": "确认按钮",
      "x1": 397.6562934252153,
      "y1": 565.3994991714179,
      "x2": 465.8546324402125,
      "y2": 609.5424748646157
    }
  ],
  "training_data\\首页异常代码弹窗\\ad6721587cf97001c22f2083a0355a23 - 副本 (19) - 副本.png": [
    {
      "class": "确认按钮",
      "x1": 397.199054944787,
      "y1": 566.1966444182721,
      "x2": 464.7806188998132,
      "y2": 609.7228450514989
    }
  ],
  "training_data\\首页异常代码弹窗\\ad6721587cf97001c22f2083a0355a23 - 副本 (2) - 副本.png": [
    {
      "class": "确认按钮",
      "x1": 400.06636908030197,
      "y1": 562.5418844347073,
      "x2": 469.2027516889958,
      "y2": 607.6229037216018
    }
  ],
  "training_data\\首页异常代码弹窗\\ad6721587cf97001c22f2083a0355a23 - 副本 (2).png": [
    {
      "class": "确认按钮",
      "x1": 398.4836178857835,
      "y1": 560.6022031057994,
      "x2": 467.4415995851713,
      "y2": 605.5048214833879
    }
  ],
  "training_data\\首页异常代码弹窗\\ad6721587cf97001c22f2083a0355a23 - 副本 (20) - 副本.png": [
    {
      "class": "确认按钮",
      "x1": 396.5293762345295,
      "y1": 560.7011937366653,
      "x2": 466.8422896233016,
      "y2": 606.9587438036382
    }
  ],
  "training_data\\首页异常代码弹窗\\ad6721587cf97001c22f2083a0355a23 - 副本 (21) - 副本.png": [
    {
      "class": "确认按钮",
      "x1": 392.9625153258503,
      "y1": 561.1886160248696,
      "x2": 463.7847551623968,
      "y2": 607.9554925396168
    }
  ],
  "training_data\\首页异常代码弹窗\\ad6721587cf97001c22f2083a0355a23 - 副本 (22) - 副本.png": [
    {
      "class": "确认按钮",
      "x1": 393.4232694632756,
      "y1": 559.7094025106472,
      "x2": 463.4248471052237,
      "y2": 605.655616830796
    }
  ],
  "training_data\\首页异常代码弹窗\\ad6721587cf97001c22f2083a0355a23 - 副本 (23) - 副本.png": [
    {
      "class": "确认按钮",
      "x1": 391.70987017179186,
      "y1": 558.52361530713,
      "x2": 462.72914178231514,
      "y2": 605.4875235958539
    }
  ],
  "training_data\\首页异常代码弹窗\\ad6721587cf97001c22f2083a0355a23 - 副本 (24) - 副本.png": [
    {
      "class": "确认按钮",
      "x1": 389.73026437570405,
      "y1": 558.6215727962397,
      "x2": 460.6799248843115,
      "y2": 605.5158699830478
    }
  ],
  "training_data\\首页异常代码弹窗\\ad6721587cf97001c22f2083a0355a23 - 副本 (25) - 副本.png": [
    {
      "class": "确认按钮",
      "x1": 397.1432535850413,
      "y1": 562.1048225157873,
      "x2": 466.58934538584543,
      "y2": 607.4955509947921
    }
  ],
  "training_data\\首页异常代码弹窗\\ad6721587cf97001c22f2083a0355a23 - 副本 (26) - 副本.png": [
    {
      "class": "确认按钮",
      "x1": 397.62752079679353,
      "y1": 560.1694476514402,
      "x2": 467.3808322977078,
      "y2": 605.8673958305552
    }
  ],
  "training_data\\首页异常代码弹窗\\ad6721587cf97001c22f2083a0355a23 - 副本 (27) - 副本.png": [
    {
      "class": "确认按钮",
      "x1": 398.7364631523128,
      "y1": 560.2783246169586,
      "x2": 470.23091683945694,
      "y2": 607.7174149823035
    }
  ],
  "training_data\\首页异常代码弹窗\\ad6721587cf97001c22f2083a0355a23 - 副本 (28) - 副本.png": [
    {
      "class": "确认按钮",
      "x1": 402.8179044254565,
      "y1": 560.1334169228292,
      "x2": 472.8870434995501,
      "y2": 606.1471926751235
    }
  ],
  "training_data\\首页异常代码弹窗\\ad6721587cf97001c22f2083a0355a23 - 副本 (3) - 副本.png": [
    {
      "class": "确认按钮",
      "x1": 401.81572713758413,
      "y1": 562.6362834788454,
      "x2": 471.436388881162,
      "y2": 608.2015819006239
    }
  ],
  "training_data\\首页异常代码弹窗\\ad6721587cf97001c22f2083a0355a23 - 副本 (3).png": [
    {
      "class": "确认按钮",
      "x1": 400.5958888340124,
      "y1": 563.3612969221608,
      "x2": 469.07861895692866,
      "y2": 607.7886637232778
    }
  ],
  "training_data\\首页异常代码弹窗\\ad6721587cf97001c22f2083a0355a23 - 副本 (4) - 副本.png": [
    {
      "class": "确认按钮",
      "x1": 399.25851827025923,
      "y1": 565.876892221834,
      "x2": 466.3403063100115,
      "y2": 608.9033169397869
    }
  ],
  "training_data\\首页异常代码弹窗\\ad6721587cf97001c22f2083a0355a23 - 副本 (4).png": [
    {
      "class": "确认按钮",
      "x1": 402.250994754183,
      "y1": 564.876186917904,
      "x2": 467.8014930525805,
      "y2": 606.3713218945021
    }
  ],
  "training_data\\首页异常代码弹窗\\ad6721587cf97001c22f2083a0355a23 - 副本 (5) - 副本.png": [
    {
      "class": "确认按钮",
      "x1": 404.28856172316245,
      "y1": 566.2332949701631,
      "x2": 471.25987534729825,
      "y2": 609.1492452724996
    }
  ],
  "training_data\\首页异常代码弹窗\\ad6721587cf97001c22f2083a0355a23 - 副本 (5).png": [
    {
      "class": "确认按钮",
      "x1": 407.518138445847,
      "y1": 565.842365257742,
      "x2": 472.9422949292586,
      "y2": 607.2111584193542
    }
  ],
  "training_data\\首页异常代码弹窗\\ad6721587cf97001c22f2083a0355a23 - 副本 (6) - 副本.png": [
    {
      "class": "确认按钮",
      "x1": 402.8193220947233,
      "y1": 566.1722739729439,
      "x2": 469.3735134798906,
      "y2": 608.6711020363118
    }
  ],
  "training_data\\首页异常代码弹窗\\ad6721587cf97001c22f2083a0355a23 - 副本 (6).png": [
    {
      "class": "确认按钮",
      "x1": 402.8050716633567,