{
  "training_data\\积分页\\积分页_20260126_190913_519699.png": [
    {
      "class": "返回按钮",
      "x1": 11.815384615384614,
      "y1": 41.35384615384615,
      "x2": 64.98461538461538,
      "y2": 95.99999999999997
    }
  ],
  "training_data\\积分页\\积分页_20260126_190914_536319.png": [
    {
      "class": "返回按钮",
      "x1": 8.943440479734157,
      "y1": 41.73355387249931,
      "x2": 63.01079096211906,
      "y2": 97.27782743180727
    }
  ],
  "training_data\\积分页\\积分页_20260126_190915_552061.png": [
    {
      "class": "返回按钮",
      "x1": 9.278204736753493,
      "y1": 40.995361244151475,
      "x2": 62.01763312042604,
      "y2": 95.21171270474707
    }
  ],
  "training_data\\积分页\\积分页_20260126_190916_521632.png": [
    {
      "class": "返回按钮",
      "x1": 9.013372600604807,
      "y1": 43.4385786114126,
      "x2": 60.8888710183474,
      "y2": 96.79100010607824
    }
  ],
  "training_data\\积分页\\积分页_20260126_190917_521246 - 副本 (2).png": [
    {
      "class": "返回按钮",
      "x1": 9.396666480990813,
      "y1": 44.342988068875144,
      "x2": 60.01937855776143,
      "y2": 96.4426232225688
    }
  ],
  "training_data\\积分页\\积分页_20260126_190917_521246 - 副本 (3).png": [
    {
      "class": "返回按钮",
      "x1": 9.221321675272316,
      "y1": 47.23087184698173,
      "x2": 59.21030648195913,
      "y2": 98.69677973059157
    }
  ],
  "training_data\\积分页\\积分页_20260126_190917_521246 - 副本 (4).png": [
    {
      "class": "返回按钮",
      "x1": 7.120518643376604,
      "y1": 47.86543253847473,
      "x2": 58.25779307470249,
      "y2": 100.47963004672366
    }
  ],
  "training_data\\积分页\\积分页_20260126_190917_521246 - 副本 (5).png": [
    {
      "class": "返回按钮",
      "x1": 8.24088706787014,
      "y1": 45.610686742690454,
      "x2": 61.09539649241225,
      "y2": 99.9421192441556
    }
  ],
  "training_data\\积分页\\积分页_20260126_190917_521246 - 副本 (6).png": [
    {
      "class": "返回按钮",
      "x1": 7.497464114209251,
      "y1": 46.816709325282844,
      "x2": 62.01601761915795,
      "y2": 102.81218590715459
    }
  ],
  "training_data\\积分页\\积分页_20260126_190917_521246 - 副本.png": [
    {
      "class": "返回按钮",
      "x1": 9.069852318032465,
      "y1": 44.530603319837276,
      "x2": 65.10017701216034,
      "y2": 102.0378510908882
    }
  ],
  "training_data\\积分页\\积分页_20260126_190917_521246.png": [
    {
      "class": "返回按钮",
      "x1": 5.847284172593706,
      "y1": 42.97427489714955,
      "x2": 63.736704385825306,
      "y2": 102.34061818730419
    }
  ],
  "training_data\\积分页\\积分页_20260126_190918_550153.png": [
    {
      "class": "返回按钮",
      "x1": 6.3342363413047185,
      "y1": 46.54632316592611,
      "x2": 62.693807993873875,
      "y2": 104.3828178954183
    }
  ],
  "training_data\\积分页\\积分页_20260126_190919_530300.png": [
    {
      "class": "返回按钮",
      "x1": 4.6240940262101695,
      "y1": 49.183653737398444,
      "x2": 59.45297432165915,
      "y2": 105.48945710977046
    }
  ],
  "training_data\\积分页\\积分页_20260126_190920_537246.png": [
    {
      "class": "返回按钮",
      "x1": 6.515935202692016,
      "y1": 48.64369989384005,
      "x2": 59.68310932673198,
      "y2": 103.28779709480304
    }
  ],
  "training_data\\积分页\\积分页_20260126_190921_555914.png": [
    {
      "class": "返回按钮",
      "x1": 5.188857635706208,
      "y1": 47.94408206300851,
      "x2": 58.85969445072905,
      "y2": 103.09184195495438
    }
  ],
  "training_data\\积分页\\积分页_20260126_190922_522435.png": [
    {
      "class": "返回按钮",
      "x1": 4.9280726253342095,
      "y1": 48.240716560435104,
      "x2": 59.836408987096306,
      "y2": 104.62597599912023
    }
  ],
  "training_data\\积分页\\积分页_20260126_190923_521656.png": [
    {
      "class": "返回按钮",
      "x1": 3.4148831950673606,
      "y1": 50.7329946251751,
      "x2": 58.20591627240914,
      "y2": 107.0009507794399
    }
  ],
  "training_data\\积分页\\积分页_20260126_190924_550179.png": [
    {
      "class": "返回按钮",
      "x1": 4.006616242964737,
      "y1": 49.26652710244524,
      "x2": 58.39881660246454,
      "y2": 105.13565053886806
    }
  ],
  "training_data\\积分页\\积分页_20260126_190925_530326.png": [
    {
      "class": "返回按钮",
      "x1": 6.577349680400774,
      "y1": 48.96772054750419,
      "x2": 59.41465078598688,
      "y2": 103.28194473001332
    }
  ],
  "training_data\\积分页\\积分页_20260126_190927_539040.png": [
    {
      "class": "返回按钮",
      "x1": 8.27744263303398,
      "y1": 47.15341174297968,
      "x2": 59.55150634875035,
      "y2": 99.90439853561907
    }
  ],
  "training_data\\积分页\\积分页_20260126_190928_539691.png": [
    {
      "class": "返回按钮",
      "x1": 10.082490376149927,
      "y1": 49.59396202805646,
      "x2": 61.33881255734168,
      "y2": 102.32720728617123
    }
  ],
  "training_data\\积分页\\积分页_20260126_190929_547155 - 副本 (2).png": [
    {
      "class": "返回按钮",
      "x1": 10.50084795912457,
      "y1": 51.0380395521543,
      "x2": 61.066348569809705,
      "y2": 103.08046323976245
    }
  ],
  "training_data\\积分页\\积分页_20260126_190929_547155 - 副本 (3).png": [
    {
      "class": "返回按钮",
      "x1": 8.394621842110428,
      "y1": 52.91633552201688,
      "x2": 58.418863015478976,
      "y2": 104.41749977230845
    }
  ],
  "training_data\\积分页\\积分页_20260126_190929_547155 - 副本 (4).png": [
    {
      "class": "返回按钮",
      "x1": 11.631421743773135,
      "y1": 52.01443797403997,
      "x2": 59.7991335050041,
      "y2": 101.65907281219395
    }
  ],
  "training_data\\积分页\\积分页_20260126_190929_547155 - 副本 (5).png": [
    {
      "class": "返回按钮",
      "x1": 9.871394796379976,
      "y1": 52.030531504766934,
      "x2": 59.5878205454849,
      "y2": 103.22388033079487
    }
  ],
  "training_data\\积分页\\积分页_20260126_190929_547155 - 副本 (6).png": [
    {
      "class": "返回按钮",
      "x1": 7.984919097954743,
      "y1": 51.25907050261409,
      "x2": 58.79375222515776,
      "y2": 103.54482670674011
    }
  ],
  "training_data\\积分页\\积分页_20260126_190929_547155 - 副本.png": [
    {
      "class": "返回按钮",
      "x1": 8.628298686893547,
      "y1": 51.55236626353883,
      "x2": 59.34215892033746,
      "y2": 103.74314957390575
    }
  ],
  "training_data\\积分页\\积分页_20260126_190929_547155.png": [
    {
      "class": "返回按钮",
      "x1": 9.752294771936484,
      "y1": 48.78983754144444,
      "x2": 61.4831994726275,
      "y2": 101.99766531905847
    }
  ],
  "training_data\\积分页\\积分页_20260126_190930_537296 - 副本 (2).png": [
    {
      "class": "返回按钮",
      "x1": 11.347509749384939,
      "y1": 51.12221536993469,
      "x2": 61.33978908893126,
      "y2": 102.59141778640404
    }
  ],
  "training_data\\积分页\\积分页_20260126_190930_537296 - 副本 (3).png": [
    {
      "class": "返回按钮",
      "x1": 12.88109425157714,
      "y1": 49.56888742156847,
      "x2": 61.88728948758071,
      "y2": 100.05200573449505
    }
  ],
  "training_data\\积分页\\积分页_20260126_190930_537296 - 副本 (4).png": [
    {
      "class": "返回按钮",
      "x1": 12.870302554054646,
      "y1": 50.247735863229394,
      "x2": 62.13949348103858,
      "y2": 100.99384986713635
    }
  ],
  "training_data\\积分页\\积分页_20260126_190930_537296 - 副本 (5).png": [
    {
      "class": "返回按钮",
      "x1": 13.838497447769544,
      "y1": 50.65280161109726,
      "x2": 62.10467028094122,
      "y2": 100.39589752119196
    }
  ],
  "training_data\\积分页\\积分页_20260126_190930_537296 - 副本 (6).png": [
    {
      "class": "返回按钮",
      "x1": 14.980524183009821,
      "y1": 49.28246930181784,
      "x2": 65.21764162338394,
      "y2": 100.99650981911498
    }
  ],
  "training_data\\积分页\\积分页_20260126_190930_537296 - 副本.png": [
    {
      "class": "返回按钮",
      "x1": 17.221625327492976,
      "y1": 49.47322836397639,
      "x2": 67.0693389665662,
      "y2": 100.79786507997264
    }
  ],
  "training_data\\积分页\\积分页_20260126_190930_537296.png": [
    {
      "class": "返回按钮",
      "x1": 18.715048803478716,
      "y1": 48.57323423816877,
      "x2": 70.20459292747061,
      "y2": 101.5397014390837
    }
  ],