{
  "转账确认弹窗": {
    "转账确认ID": {
      "x1_ratio": 0.0,
      "y1_ratio": 0.009252582623983489,
      "x2_ratio": 0.727522728483041,
      "y2_ratio": 0.14954857311124786
    },
    "转账确认昵称": {
      "x1_ratio": 0.7633141685338439,
      "y1_ratio": 0.0,
      "x2_ratio": 1.0,
      "y2_ratio": 0.15804278604018213
    },
    "转账确认金额": {
      "x1_ratio": 0.2191477896651364,
      "y1_ratio": 0.256824363810299,
      "x2_ratio": 0.7239045580957774,
      "y2_ratio": 0.42115801373412126
    },
    "确认按钮": {
      "x1_ratio": 0.25965904033868037,
      "y1_ratio": 0.8260313807126418,
      "x2_ratio": 0.7508088704300302,
      "y2_ratio": 1.0
    }
  },
  "分类页": {
    "首页按钮": {
      "x1_ratio": 0.0,
      "y1_ratio": 0.0,
      "x2_ratio": 0.1943505685266299,
      "y2_ratio": 0.9150322489984537
    },
    "我的按钮": {
      "x1_ratio": 0.8668822317717173,
      "y1_ratio": 0.04509332701198846,
      "x2_ratio": 1.0,
      "y2_ratio": 1.0
    }
  },
  "钱包页": {
    "余额数字": {
      "x1_ratio": 0.0,
      "y1_ratio": 0.18658930202768806,
      "x2_ratio": 0.36873937333964074,
      "y2_ratio": 1.0
    },
    "转增按钮": {
      "x1_ratio": 0.7023106987522343,
      "y1_ratio": 0.0,
      "x2_ratio": 1.0,
      "y2_ratio": 0.4972882674994935
    }
  },
  "签到成功弹窗": {
    "签到金额": {
      "x1_ratio": 0.23602619935148839,
      "y1_ratio": 0.153704845591844,
      "x2_ratio": 0.789289763095728,
      "y2_ratio": 0.2692444716904078
    },
    "签到成功文本": {
      "x1_ratio": 0.0,
      "y1_ratio": 0.0,
      "x2_ratio": 1.0,
      "y2_ratio": 0.12855404213740554
    },
    "关闭按钮": {
      "x1_ratio": 0.24047460192033238,
      "y1_ratio": 0.8731472162132163,
      "x2_ratio": 0.7260176357673244,
      "y2_ratio": 1.0
    }
  },
  "签到页": {
    "签到按钮": {
      "x1_ratio": 0.3332396256175479,
      "y1_ratio": 0.6862109856600127,
      "x2_ratio": 0.6867942886145195,
      "y2_ratio": 1.0
    },
    "签到次数": {
      "x1_ratio": 0.0,
      "y1_ratio": 0.0,
      "x2_ratio": 1.0,
      "y2_ratio": 0.1993659508024853
    }
  },
  "首页": {
    "我的按钮": {
      "x1_ratio": 0.0,
      "y1_ratio": 0.8509608868367381,
      "x2_ratio": 1.0,
      "y2_ratio": 1.0
    },
    "每日签到按钮": {
      "x1_ratio": 0.2324110423155637,
      "y1_ratio": 0.0,
      "x2_ratio": 0.6638315359757847,
      "y2_ratio": 0.04811658390289728
    }
  },
  "新已登陆页": {
    "昵称文本": {
      "x1_ratio": 0.14032755275606235,
      "y1_ratio": 0.0,
      "x2_ratio": 0.5820857770844279,
      "y2_ratio": 0.05546762063654598
    },
    "用户ID": {
      "x1_ratio": 0.14126657024518796,
      "y1_ratio": 0.05390874239183802,
      "x2_ratio": 0.4151793725465796,
      "y2_ratio": 0.1110096978964982
    },
    "余额数字": {
      "x1_ratio": 0.0,
      "y1_ratio": 0.1696390279130532,
      "x2_ratio": 0.18049702814846377,
      "y2_ratio": 0.28199321334381544
    },
    "积分数字": {
      "x1_ratio": 0.23283927049336003,
      "y1_ratio": 0.1681488268500634,
      "x2_ratio": 0.4177910394079522,
      "y2_ratio": 0.28634123807876055
    },
    "抵扣劵数字": {
      "x1_ratio": 0.4666667699880078,
      "y1_ratio": 0.158827181867134,
      "x2_ratio": 0.6707475597701191,
      "y2_ratio": 0.28619686338275996
    },
    "优惠劵数字": {
      "x1_ratio": 0.82656489030946,
      "y1_ratio": 0.1720427619933541,
      "x2_ratio": 1.0,
      "y2_ratio": 0.28366686111182765
    },
    "我的按钮": {
      "x1_ratio": 0.8113034877439461,
      "y1_ratio": 0.9226520117292112,
      "x2_ratio": 0.9823083309287125,
      "y2_ratio": 1.0
    },
    "首页按钮": {
      "x1_ratio": 0.01712902947948492,
      "y1_ratio": 0.9202938736479231,
      "x2_ratio": 0.17086449163045073,
      "y2_ratio": 0.9990793265074303
    }
  }
}