{
  "training_data\\个人页_未登录\\个人页_未登录_20260126_183527_152698 - 副本 (2).png": [
    {
      "class": "请登陆按钮",
      "x1": 109.29230769230769,
      "y1": 48.738461538461536,
      "x2": 205.29230769230767,
      "y2": 97.47692307692307
    }
  ],
  "training_data\\个人页_未登录\\个人页_未登录_20260126_183527_152698 - 副本 (3).png": [
    {
      "class": "请登陆按钮",
      "x1": 113.72307692307692,
      "y1": 56.12307692307692,
      "x2": 199.3846153846154,
      "y2": 93.04615384615384
    }
  ],
  "training_data\\个人页_未登录\\个人页_未登录_20260126_183527_152698 - 副本 (4).png": [
    {
      "class": "请登陆按钮",
      "x1": 109.29230769230769,
      "y1": 59.07692307692307,
      "x2": 203.8153846153846,
      "y2": 94.52307692307691
    }
  ],
  "training_data\\个人页_未登录\\个人页_未登录_20260126_183527_152698 - 副本.png": [
    {
      "class": "请登陆按钮",
      "x1": 110.76923076923076,
      "y1": 53.169230769230765,
      "x2": 208.24615384615385,
      "y2": 94.52307692307691
    }
  ],
  "training_data\\个人页_未登录\\个人页_未登录_20260126_183527_152698.png": [
    {
      "class": "请登陆按钮",
      "x1": 112.24615384615385,
      "y1": 57.599999999999994,
      "x2": 206.76923076923075,
      "y2": 98.95384615384614
    }
  ],
  "training_data\\个人页_未登录\\个人页_未登录_20260126_183529_114512 - 副本 (2).png": [
    {
      "class": "请登陆按钮",
      "x1": 110.76923076923076,
      "y1": 57.599999999999994,
      "x2": 208.24615384615385,
      "y2": 96.0
    }
  ],
  "training_data\\个人页_未登录\\个人页_未登录_20260126_183529_114512 - 副本 (3).png": [
    {
      "class": "请登陆按钮",
      "x1": 106.33846153846153,
      "y1": 60.55384615384615,
      "x2": 200.86153846153846,
      "y2": 94.52307692307691
    }
  ],
  "training_data\\个人页_未登录\\个人页_未登录_20260126_183529_114512 - 副本 (4).png": [
    {
      "class": "请登陆按钮",
      "x1": 107.81538461538462,
      "y1": 62.03076923076923,
      "x2": 196.43076923076922,
      "y2": 98.95384615384614
    }
  ],
  "training_data\\个人页_未登录\\个人页_未登录_20260126_183529_114512 - 副本.png": [
    {
      "class": "请登陆按钮",
      "x1": 110.76923076923076,
      "y1": 57.599999999999994,
      "x2": 200.86153846153846,
      "y2": 101.9076923076923
    }
  ],
  "training_data\\个人页_未登录\\个人页_未登录_20260126_183529_114512.png": [
    {
      "class": "请登陆按钮",
      "x1": 103.38461538461537,
      "y1": 59.07692307692307,
      "x2": 203.8153846153846,
      "y2": 98.95384615384614
    }
  ],
  "training_data\\个人页_未登录\\个人页_未登录_20260126_183531_128168 - 副本 (2).png": [
    {
      "class": "请登陆按钮",
      "x1": 107.81538461538462,
      "y1": 62.03076923076923,
      "x2": 202.33846153846153,
      "y2": 93.04615384615384
    }
  ],
  "training_data\\个人页_未登录\\个人页_未登录_20260126_183531_128168 - 副本 (3).png": [
    {
      "class": "请登陆按钮",
      "x1": 109.29230769230769,
      "y1": 56.12307692307692,
      "x2": 203.8153846153846,
      "y2": 100.43076923076923
    }
  ],
  "training_data\\个人页_未登录\\个人页_未登录_20260126_183531_128168 - 副本 (4).png": [
    {
      "class": "请登陆按钮",
      "x1": 109.29230769230769,
      "y1": 56.12307692307692,
      "x2": 197.9076923076923,
      "y2": 97.47692307692307
    }
  ],
  "training_data\\个人页_未登录\\个人页_未登录_20260126_183531_128168 - 副本.png": [
    {
      "class": "请登陆按钮",
      "x1": 112.24615384615385,
      "y1": 59.07692307692307,
      "x2": 202.33846153846153,
      "y2": 97.47692307692307
    }
  ],
  "training_data\\个人页_未登录\\个人页_未登录_20260126_183531_128168.png": [
    {
      "class": "请登陆按钮",
      "x1": 112.24615384615385,
      "y1": 59.07692307692307,
      "x2": 200.86153846153846,
      "y2": 96.0
    }
  ],
  "training_data\\个人页_未登录\\个人页_未登录_20260126_183533_126938 - 副本 (2).png": [
    {
      "class": "请登陆按钮",
      "x1": 107.81538461538462,
      "y1": 56.12307692307692,
      "x2": 200.86153846153846,
      "y2": 96.0
    }
  ],
  "training_data\\个人页_未登录\\个人页_未登录_20260126_183533_126938 - 副本 (3).png": [
    {
      "class": "请登陆按钮",
      "x1": 107.81538461538462,
      "y1": 56.12307692307692,
      "x2": 203.8153846153846,
      "y2": 97.47692307692307
    }
  ],
  "training_data\\个人页_未登录\\个人页_未登录_20260126_183533_126938 - 副本 (4).png": [
    {
      "class": "请登陆按钮",
      "x1": 112.24615384615385,
      "y1": 57.599999999999994,
      "x2": 203.8153846153846,
      "y2": 97.47692307692307
    }
  ],
  "training_data\\个人页_未登录\\个人页_未登录_20260126_183533_126938 - 副本.png": [
    {
      "class": "请登陆按钮",
      "x1": 112.24615384615385,
      "y1": 57.599999999999994,
      "x2": 197.9076923076923,
      "y2": 98.95384615384614
    }
  ],
  "training_data\\个人页_未登录\\个人页_未登录_20260126_183533_126938.png": [
    {
      "class": "请登陆按钮",
      "x1": 107.81538461538462,
      "y1": 57.599999999999994,
      "x2": 202.33846153846153,
      "y2": 98.95384615384614
    }
  ],
  "training_data\\个人页_未登录\\个人页_未登录_20260126_183535_126707 - 副本 (2).png": [
    {
      "class": "请登陆按钮",
      "x1": 107.81538461538462,
      "y1": 57.599999999999994,
      "x2": 196.43076923076922,
      "y2": 94.52307692307691
    }
  ],
  "training_data\\个人页_未登录\\个人页_未登录_20260126_183535_126707 - 副本 (3).png": [
    {
      "class": "请登陆按钮",
      "x1": 113.72307692307692,
      "y1": 62.03076923076923,
      "x2": 196.43076923076922,
      "y2": 94.52307692307691
    }
  ],
  "training_data\\个人页_未登录\\个人页_未登录_20260126_183535_126707 - 副本 (4).png": [
    {
      "class": "请登陆按钮",
      "x1": 112.24615384615385,
      "y1": 60.55384615384615,
      "x2": 206.76923076923075,
      "y2": 98.95384615384614
    }
  ],
  "training_data\\个人页_未登录\\个人页_未登录_20260126_183535_126707 - 副本.png": [
    {
      "class": "请登陆按钮",
      "x1": 104.86153846153846,
      "y1": 59.07692307692307,
      "x2": 206.76923076923075,
      "y2": 98.95384615384614
    }
  ],
  "training_data\\个人页_未登录\\个人页_未登录_20260126_183535_126707.png": [
    {
      "class": "请登陆按钮",
      "x1": 104.86153846153846,
      "y1": 59.07692307692307,
      "x2": 197.9076923076923,
      "y2": 97.47692307692307
    }
  ],
  "training_data\\个人页_未登录\\个人页_未登录_20260126_183537_123587 - 副本 (2).png": [
    {
      "class": "请登陆按钮",
      "x1": 110.76923076923076,
      "y1": 56.12307692307692,
      "x2": 197.9076923076923,
      "y2": 97.47692307692307
    }
  ],
  "training_data\\个人页_未登录\\个人页_未登录_20260126_183537_123587 - 副本 (3).png": [
    {
      "class": "请登陆按钮",
      "x1": 110.76923076923076,
      "y1": 56.12307692307692,
      "x2": 193.47692307692307,
      "y2": 97.47692307692307
    }
  ],
  "training_data\\个人页_未登录\\个人页_未登录_20260126_183537_123587 - 副本 (4).png": [
    {
      "class": "请登陆按钮",
      "x1": 110.76923076923076,
      "y1": 56.12307692307692,
      "x2": 193.47692307692307,
      "y2": 97.47692307692307
    }
  ],
  "training_data\\个人页_未登录\\个人页_未登录_20260126_183537_123587 - 副本.png": [
    {
      "class": "请登陆按钮",
      "x1": 104.86153846153846,
      "y1": 59.07692307692307,
      "x2": 209.72307692307692,
      "y2": 100.43076923076923
    }
  ],
  "training_data\\个人页_未登录\\个人页_未登录_20260126_183537_123587.png": [
    {
      "class": "请登陆按钮",
      "x1": 107.81538461538462,
      "y1": 56.12307692307692,
      "x2": 209.72307692307692,
      "y2": 100.43076923076923
    }
  ],
  "training_data\\个人页_未登录\\个人页_未登录_20260126_183539_120804 - 副本 (2).png": [
    {
      "class": "请登陆按钮",
      "x1": 101.9076923076923,
      "y1": 56.12307692307692,
      "x2": 212.67692307692306,
      "y2": 98.95384615384614
    }
  ],
  "training_data\\个人页_未登录\\个人页_未登录_20260126_183539_120804 - 副本 (3).png": [
    {
      "class": "请登陆按钮",
      "x1": 106.33846153846153,
      "y1": 53.169230769230765,
      "x2": 212.67692307692306,
      "y2": 98.95384615384614
    }
  ],
  "training_data\\个人页_未登录\\个人页_未登录_20260126_183539_120804 - 副本 (4).png": [
    {
      "class": "请登陆按钮",
      "x1": 106.33846153846153,
      "y1": 53.169230769230765,
      "x2": 200.86153846153846,
      "y2": 101.9076923076923
    }
  ],
  "training_data\\个人页_未登录\\个人页_未登录_20260126_183539_120804 - 副本.png": [
    {
      "class": "请登陆按钮",
      "x1": 110.76923076923076,