{
  "training_data\\交易流水\\其他_20260126_190728_245664.png": [
    {
      "class": "同意按钮",
      "x1": 11.815384615384614,
      "y1": 44.30769230769231,
      "x2": 62.03076923076923,
      "y2": 97.47692307692307
    }
  ],
  "training_data\\交易流水\\其他_20260126_190729_209363.png": [
    {
      "class": "同意按钮",
      "x1": 14.084820110454864,
      "y1": 42.6326718600843,
      "x2": 64.03825897426532,
      "y2": 95.5399568777409
    }
  ],
  "training_data\\交易流水\\其他_20260126_190730_207984.png": [
    {
      "class": "同意按钮",
      "x1": 15.31605677982151,
      "y1": 43.21280837714149,
      "x2": 63.435166706514046,
      "y2": 94.28576445768017
    }
  ],
  "training_data\\交易流水\\其他_20260126_190731_210097.png": [
    {
      "class": "同意按钮",
      "x1": 18.294722665956503,
      "y1": 41.4614351838211,
      "x2": 65.09907127652387,
      "y2": 91.21962994823461
    }
  ],
  "training_data\\交易流水\\其他_20260126_190732_212631.png": [
    {
      "class": "同意按钮",
      "x1": 19.279406500645457,
      "y1": 43.05446887275504,
      "x2": 66.99036333839932,
      "y2": 93.71927186435504
    }
  ],
  "training_data\\交易流水\\其他_20260126_190733_234681.png": [
    {
      "class": "同意按钮",
      "x1": 20.262287774302543,
      "y1": 42.38842530712552,
      "x2": 66.20264487215859,
      "y2": 91.2826285588277
    }
  ],
  "training_data\\交易流水\\其他_20260126_190734_233946 - 副本 (2).png": [
    {
      "class": "同意按钮",
      "x1": 14.436176355079926,
      "y1": 44.42919648460031,
      "x2": 61.170092109125875,
      "y2": 94.11695839249239
    }
  ],
  "training_data\\交易流水\\其他_20260126_190734_233946 - 副本 (3).png": [
    {
      "class": "同意按钮",
      "x1": 15.56694475813277,
      "y1": 45.034152956269686,
      "x2": 63.52662993308858,
      "y2": 95.94768428507163
    }
  ],
  "training_data\\交易流水\\其他_20260126_190734_233946 - 副本 (4).png": [
    {
      "class": "同意按钮",
      "x1": 14.560075136487823,
      "y1": 42.308154604110705,
      "x2": 63.83990611198655,
      "y2": 94.54183173345557
    }
  ],
  "training_data\\交易流水\\其他_20260126_190734_233946 - 副本.png": [
    {
      "class": "同意按钮",
      "x1": 15.332937018859203,
      "y1": 44.6032204281537,
      "x2": 62.73553817191744,
      "y2": 94.95966773505806
    }
  ],
  "training_data\\交易流水\\其他_20260126_190734_233946.png": [
    {
      "class": "同意按钮",
      "x1": 15.331379479664102,
      "y1": 46.33836172058334,
      "x2": 61.87131910316113,
      "y2": 95.8321474979265
    }
  ],
  "training_data\\交易流水\\其他_20260126_190735_218960 - 副本 (2).png": [
    {
      "class": "同意按钮",
      "x1": 14.726738311919235,
      "y1": 45.27476527056439,
      "x2": 62.872246222311105,
      "y2": 96.37411933480239
    }
  ],
  "training_data\\交易流水\\其他_20260126_190735_218960 - 副本 (3).png": [
    {
      "class": "同意按钮",
      "x1": 16.658828137244196,
      "y1": 44.32152947353491,
      "x2": 65.0610863670161,
      "y2": 95.67763385715294
    }
  ],
  "training_data\\交易流水\\其他_20260126_190735_218960 - 副本 (4).png": [
    {
      "class": "同意按钮",
      "x1": 16.94523499017056,
      "y1": 42.49691177401278,
      "x2": 66.45772026686765,
      "y2": 94.963243204556
    }
  ],
  "training_data\\交易流水\\其他_20260126_190735_218960 - 副本.png": [
    {
      "class": "同意按钮",
      "x1": 15.603102620115253,
      "y1": 44.51911972013675,
      "x2": 65.20424836164072,
      "y2": 97.07411161550834
    }
  ],
  "training_data\\交易流水\\其他_20260126_190735_218960.png": [
    {
      "class": "同意按钮",
      "x1": 13.69579474405103,
      "y1": 43.530713014009756,
      "x2": 62.74255339135583,
      "y2": 95.53131781516068
    }
  ],
  "training_data\\交易流水\\其他_20260126_190736_216630 - 副本 (2).png": [
    {
      "class": "同意按钮",
      "x1": 15.10587092966926,
      "y1": 43.32717626386664,
      "x2": 64.01282275176898,
      "y2": 95.18797423981248
    }
  ],
  "training_data\\交易流水\\其他_20260126_190736_216630 - 副本 (3).png": [
    {
      "class": "同意按钮",
      "x1": 15.397309257569882,
      "y1": 42.11949305470141,
      "x2": 66.10861896338854,
      "y2": 95.78464891436617
    }
  ],
  "training_data\\交易流水\\其他_20260126_190736_216630 - 副本 (4).png": [
    {
      "class": "同意按钮",
      "x1": 17.4446029186628,
      "y1": 44.943819433188516,
      "x2": 67.35158203921804,
      "y2": 97.80464470758986
    }
  ],
  "training_data\\交易流水\\其他_20260126_190736_216630 - 副本.png": [
    {
      "class": "同意按钮",
      "x1": 12.111759075983182,
      "y1": 39.10665255979339,
      "x2": 63.75656660609743,
      "y2": 93.70530624375377
    }
  ],
  "training_data\\交易流水\\其他_20260126_190736_216630.png": [
    {
      "class": "同意按钮",
      "x1": 10.083993542737733,
      "y1": 37.930954059769626,
      "x2": 63.128751512781285,
      "y2": 93.92955818365931
    }
  ],
  "training_data\\交易流水\\其他_20260126_190737_209632 - 副本 (2).png": [
    {
      "class": "同意按钮",
      "x1": 11.719347017708992,
      "y1": 37.41653847190767,
      "x2": 63.72663056047432,
      "y2": 92.37766816851914
    }
  ],
  "training_data\\交易流水\\其他_20260126_190737_209632 - 副本 (3).png": [
    {
      "class": "同意按钮",
      "x1": 11.20708268486689,
      "y1": 34.99109153894529,
      "x2": 63.770502757895066,
      "y2": 90.5083577658196
    }
  ],
  "training_data\\交易流水\\其他_20260126_190737_209632 - 副本 (4).png": [
    {
      "class": "同意按钮",
      "x1": 9.423681489659332,
      "y1": 33.726450995344244,
      "x2": 61.40650742727972,
      "y2": 88.66312308681076
    }
  ],
  "training_data\\交易流水\\其他_20260126_190737_209632 - 副本.png": [
    {
      "class": "同意按钮",
      "x1": 14.967165409751843,
      "y1": 47.56997981258378,
      "x2": 67.86491207579621,
      "y2": 97.51388032478194
    }
  ],
  "training_data\\交易流水\\其他_20260126_190737_209632.png": [
    {
      "class": "同意按钮",
      "x1": 13.287910692947127,
      "y1": 46.601520823219744,
      "x2": 66.20436922927301,
      "y2": 96.5641332056994
    }
  ],
  "training_data\\交易流水\\其他_20260126_190738_216058 - 副本 (2).png": [
    {
      "class": "同意按钮",
      "x1": 12.72578178543489,
      "y1": 44.00498862784278,
      "x2": 67.15897134582738,
      "y2": 95.48433203438904
    }
  ],
  "training_data\\交易流水\\其他_20260126_190738_216058 - 副本 (3).png": [
    {
      "class": "同意按钮",
      "x1": 11.34800031923376,
      "y1": 43.022524282601694,
      "x2": 67.39187796815061,
      "y2": 96.11255577767231
    }
  ],
  "training_data\\交易流水\\其他_20260126_190738_216058 - 副本 (4).png": [
    {
      "class": "同意按钮",
      "x1": 12.589843125536435,
      "y1": 45.13770381428663,
      "x2": 67.90786957213854,
      "y2": 97.5018841070425
    }
  ],
  "training_data\\交易流水\\其他_20260126_190738_216058 - 副本.png": [
    {
      "class": "同意按钮",
      "x1": 15.253693983720167,
      "y1": 43.184543953619354,
      "x2": 70.36253763385176,
      "y2": 95.33954144990471
    }
  ],
  "training_data\\交易流水\\其他_20260126_190738_216058.png": [
    {
      "class": "同意按钮",
      "x1": 13.374128305112436,
      "y1": 41.13328778539593,
      "x2": 67.96565193071851,
      "y2": 92.77096525715578
    }
  ],
  "training_data\\交易流水\\其他_20260126_190739_233192 - 副本 (2).png": [
    {
      "class": "同意按钮",
      "x1": 12.828280338134272,
      "y1": 40.981811991137015,
      "x2": 65.97148792838885,
      "y2": 91.17117342754538
    }
  ],
  "training_data\\交易流水\\其他_20260126_190739_233192 - 副本 (3).png": [
    {
      "class": "同意按钮",
      "x1": 10.876780739507783,
      "y1": 40.76197499834075,
      "x2": 64.16782862797287,
      "y2": 91.09917673295962
    }
  ],
  "training_data\\交易流水\\其他_20260126_190739_233192 - 副本 (4).png": [
    {
      "class": "同意按钮",
      "x1": 13.584462063705333,
      "y1": 43.23969695658941,
      "x2": 66.11056520110193,
      "y2": 92.8119539401398
    }
  ],
  "training_data\\交易流水\\其他_20260126_190739_233192 - 副本.png": [
    {
      "class": "同意按钮",
      "x1": 15.767410126879522,
      "y1": 41.74896015558242,
      "x2": 68.84546402525908,
      "y2": 91.87316790011576
    }
  ],