{
  "training_data\\文章页\\文章页_20260126_184737_181924.png": [
    {
      "class": "返回按钮",
      "x1": 12.963744465233296,
      "y1": 42.96548582751993,
      "x2": 61.015168338792165,
      "y2": 99.87844816261726
    }
  ],
  "training_data\\文章页\\文章页_20260126_184750_146535.png": [
    {
      "class": "返回按钮",
      "x1": 13.058838155664688,
      "y1": 41.699314994087096,
      "x2": 60.34204969816506,
      "y2": 97.84406499812592
    }
  ],
  "training_data\\文章页\\文章页_20260126_184753_405992.png": [
    {
      "class": "返回按钮",
      "x1": 14.49763641059085,
      "y1": 40.29462706428088,
      "x2": 62.38512841506236,
      "y2": 97.04365753029084
    }
  ],
  "training_data\\文章页\\文章页_20260126_184755_062791.png": [
    {
      "class": "返回按钮",
      "x1": 14.4513777667266,
      "y1": 40.23510330316868,
      "x2": 62.69007482395542,
      "y2": 97.33533882193595
    }
  ],
  "training_data\\文章页\\文章页_20260126_184802_525931.png": [
    {
      "class": "返回按钮",
      "x1": 11.558143270437531,
      "y1": 38.763104372780184,
      "x2": 59.915453954788255,
      "y2": 95.98195351866936
    }
  ],
  "training_data\\文章页\\文章页_20260126_184813_845029.png": [
    {
      "class": "返回按钮",
      "x1": 11.64121949582391,
      "y1": 41.294557503060524,
      "x2": 60.65443870979152,
      "y2": 99.16931517856658
    }
  ],
  "training_data\\文章页\\文章页_20260126_184815_533660.png": [
    {
      "class": "返回按钮",
      "x1": 11.62434992906582,
      "y1": 41.927805509212554,
      "x2": 62.53927746880893,
      "y2": 101.70427151049411
    }
  ],
  "training_data\\文章页\\文章页_20260126_184816_211100.png": [
    {
      "class": "返回按钮",
      "x1": 10.854781751952098,
      "y1": 41.95761139941085,
      "x2": 63.03145368182134,
      "y2": 102.99582179081854
    }
  ],
  "training_data\\文章页\\文章页_20260126_184817_285660.png": [
    {
      "class": "返回按钮",
      "x1": 9.23606359348298,
      "y1": 39.949630320817576,
      "x2": 59.77689529492292,
      "y2": 99.35200048379596
    }
  ],
  "training_data\\文章页\\文章页_20260126_184820_568883.png": [
    {
      "class": "返回按钮",
      "x1": 10.644141843018385,
      "y1": 36.49919526563788,
      "x2": 62.75919054006671,
      "y2": 97.47578242422465
    }
  ],
  "training_data\\文章页\\文章页_20260126_184820_929991.png": [
    {
      "class": "返回按钮",
      "x1": 18.34219822917347,
      "y1": 38.86466096090649,
      "x2": 68.06084890951071,
      "y2": 97.44485010278217
    }
  ],
  "training_data\\文章页\\文章页_20260126_184821_317377.png": [
    {
      "class": "返回按钮",
      "x1": 19.81419027664731,
      "y1": 35.73127322471317,
      "x2": 71.258720287116,
      "y2": 96.0373416967203
    }
  ],
  "training_data\\文章页\\文章页_20260126_184825_262058.png": [
    {
      "class": "返回按钮",
      "x1": 12.339289717656433,
      "y1": 40.668765033628794,
      "x2": 62.44141941390235,
      "y2": 99.63243319141313
    }
  ],
  "training_data\\文章页\\文章页_20260126_184825_619272.png": [
    {
      "class": "返回按钮",
      "x1": 13.436954545056139,
      "y1": 37.147206182297445,
      "x2": 65.45662407065089,
      "y2": 98.0284141694306
    }
  ],
  "training_data\\文章页\\文章页_20260126_184827_673242.png": [
    {
      "class": "返回按钮",
      "x1": 11.746076289457946,
      "y1": 35.28096533355881,
      "x2": 63.30699098562821,
      "y2": 95.70341849126748
    }
  ],
  "training_data\\文章页\\文章页_20260126_184830_417328.png": [
    {
      "class": "返回按钮",
      "x1": 13.353590763214973,
      "y1": 36.11259398034429,
      "x2": 63.89468912201748,
      "y2": 95.51523080068522
    }
  ],
  "training_data\\文章页\\文章页_20260126_184832_931759.png": [
    {
      "class": "返回按钮",
      "x1": 12.938178825900328,
      "y1": 39.87975608638668,
      "x2": 61.48810235741703,
      "y2": 97.29121807944172
    }
  ],
  "training_data\\文章页\\文章页_20260126_184833_120586.png": [
    {
      "class": "返回按钮",
      "x1": 14.55317869906029,
      "y1": 42.319750473674986,
      "x2": 63.77020368602341,
      "y2": 100.39831392217644
    }
  ],
  "training_data\\文章页\\文章页_20260126_184833_329101.png": [
    {
      "class": "返回按钮",
      "x1": 13.73276045848984,
      "y1": 42.69666313198442,
      "x2": 63.67744267815527,
      "y2": 101.50288381318819
    }
  ],
  "training_data\\文章页\\文章页_20260126_184835_380917.png": [
    {
      "class": "返回按钮",
      "x1": 5.372993845771632,
      "y1": 39.13365942131123,
      "x2": 58.69925142986471,
      "y2": 101.32145546694264
    }
  ],
  "training_data\\文章页\\文章页_20260126_184835_527891.png": [
    {
      "class": "返回按钮",
      "x1": 3.7436348663769916,
      "y1": 38.9840480512105,
      "x2": 55.8441979263167,
      "y2": 99.94614957268854
    }
  ],
  "training_data\\文章页\\文章页_20260126_184835_706011.png": [
    {
      "class": "返回按钮",
      "x1": 3.2273860347949563,
      "y1": 39.75269132345476,
      "x2": 53.45140672295106,
      "y2": 98.8382504731492
    }
  ],
  "training_data\\文章页\\文章页_20260126_184737_181924 - 副本.png": [
    {
      "class": "返回按钮",
      "x1": 11.204220078455812,
      "y1": 42.822020739127865,
      "x2": 59.00073526597993,
      "y2": 99.48007438819045
    }
  ],
  "training_data\\文章页\\文章页_20260126_184737_181924 - 副本 (3).png": [
    {
      "class": "返回按钮",
      "x1": 8.806813409714776,
      "y1": 40.031032769772374,
      "x2": 56.999739275739685,
      "y2": 97.08549709733575
    }
  ],
  "training_data\\文章页\\文章页_20260126_184737_181924 - 副本 (2).png": [
    {
      "class": "返回按钮",
      "x1": 10.338461538461537,
      "y1": 38.4,
      "x2": 59.076923076923066,
      "y2": 95.99999999999999
    }
  ],
  "training_data\\文章页\\文章页_20260126_184750_146535 - 副本 (2).png": [
    {
      "class": "返回按钮",
      "x1": 11.479607831810116,
      "y1": 44.89217961058156,
      "x2": 60.24733736712839,
      "y2": 102.52144760743829
    }
  ],
  "training_data\\文章页\\文章页_20260126_184750_146535 - 副本 (3).png": [
    {
      "class": "返回按钮",
      "x1": 11.430712923907143,
      "y1": 42.69157886663824,
      "x2": 61.2587158894129,
      "y2": 101.38112029368244
    }
  ],
  "training_data\\文章页\\文章页_20260126_184750_146535 - 副本.png": [
    {
      "class": "返回按钮",
      "x1": 10.632372375458505,
      "y1": 42.1863541223467,
      "x2": 59.43499866371925,
      "y2": 99.8505188721459
    }
  ],
  "training_data\\文章页\\文章页_20260126_184802_525931 - 副本 (2).png": [
    {
      "class": "返回按钮",
      "x1": 14.058862689366324,
      "y1": 40.84075792777201,
      "x2": 63.26469396374375,
      "y2": 98.90812766368789
    }
  ],
  "training_data\\文章页\\文章页_20260126_184802_525931 - 副本 (3).png": [
    {
      "class": "返回按钮",
      "x1": 13.156861606535916,
      "y1": 42.02294244897772,
      "x2": 62.01651330359654,
      "y2": 99.7441326075768
    }
  ],
  "training_data\\文章页\\文章页_20260126_184802_525931 - 副本.png": [
    {
      "class": "返回按钮",
      "x1": 13.01261890105776,
      "y1": 39.70530623448284,
      "x2": 61.46928384769545,
      "y2": 97.02350964265898
    }
  ],
  "training_data\\文章页\\文章页_20260126_184820_929991 - 副本 (2).png": [
    {
      "class": "返回按钮",
      "x1": 12.158194857457103,
      "y1": 35.847936299126744,
      "x2": 64.1538670079402,
      "y2": 96.70514691114829
    }
  ],
  "training_data\\文章页\\文章页_20260126_184820_929991 - 副本 (3).png": [
    {
      "class": "返回按钮",
      "x1": 12.50446926098931,
      "y1": 38.690732935940574,
      "x2": 64.74422796685722,
      "y2": 99.79203010334692
    }
  ],
  "training_data\\文章页\\文章页_20260126_184820_929991 - 副本.png": [
    {
      "class": "返回按钮",
      "x1": 15.450347740730217,
      "y1": 36.36177285497478,
      "x2": 66.48908594568657,
      "y2": 96.26204952146956
    }
  ],
  "training_data\\文章页\\文章页_20260126_184832_931759 - 副本 (2).png": [
    {
      "class": "返回按钮",
      "x1": 14.561372666728511,
      "y1": 36.41164024582787,
      "x2": 63.89463141690139,
      "y2": 94.60643745753916
    }
  ],
  "training_data\\文章页\\文章页_20260126_184832_931759 - 副本 (3).png": [
    {
      "class": "返回按钮",
      "x1": 15.289012184235059,