{
  "training_data\\我的优惠劵\\其他_20260126_190835_308805.png": [
    {
      "class": "返回按钮",
      "x1": 18.24373353665735,
      "y1": 43.68247072146892,
      "x2": 63.64199129650281,
      "y2": 92.03457463516052
    }
  ],
  "training_data\\我的优惠劵\\其他_20260126_190836_298228.png": [
    {
      "class": "返回按钮",
      "x1": 8.446646599671238,
      "y1": 39.120677433265236,
      "x2": 59.82584240378258,
      "y2": 91.97679631429966
    }
  ],
  "training_data\\我的优惠劵\\其他_20260126_190837_299591.png": [
    {
      "class": "返回按钮",
      "x1": 10.916821522482515,
      "y1": 40.55680279724267,
      "x2": 62.18818889831849,
      "y2": 93.30509325000172
    }
  ],
  "training_data\\我的优惠劵\\其他_20260126_190838_328908.png": [
    {
      "class": "返回按钮",
      "x1": 12.270389625796133,
      "y1": 42.32206133548975,
      "x2": 64.55577527406192,
      "y2": 96.08437006067862
    }
  ],
  "training_data\\我的优惠劵\\其他_20260126_190839_304700.png": [
    {
      "class": "返回按钮",
      "x1": 12.71938465820441,
      "y1": 42.493010171661254,
      "x2": 64.15495914244053,
      "y2": 95.40550773282047
    }
  ],
  "training_data\\我的优惠劵\\其他_20260126_190840_319705.png": [
    {
      "class": "返回按钮",
      "x1": 9.733816636483681,
      "y1": 39.91185784906588,
      "x2": 62.025179649731456,
      "y2": 93.68014393923674
    }
  ],
  "training_data\\我的优惠劵\\其他_20260126_190841_322771.png": [
    {
      "class": "返回按钮",
      "x1": 9.441845168367633,
      "y1": 39.420809521051574,
      "x2": 60.18138921783159,
      "y2": 91.63727664743861
    }
  ],
  "training_data\\我的优惠劵\\其他_20260126_190842_332118.png": [
    {
      "class": "返回按钮",
      "x1": 9.936292477120611,
      "y1": 38.78732191616368,
      "x2": 58.85140924897982,
      "y2": 89.17936176494597
    }
  ],
  "training_data\\我的优惠劵\\其他_20260126_190843_324668.png": [
    {
      "class": "返回按钮",
      "x1": 7.636885845573842,
      "y1": 38.17111250750899,
      "x2": 56.29260922766832,
      "y2": 88.30375896652654
    }
  ],
  "training_data\\我的优惠劵\\其他_20260126_190844_319415.png": [
    {
      "class": "返回按钮",
      "x1": 5.087952947143556,
      "y1": 39.90203698339367,
      "x2": 55.147051047732894,
      "y2": 91.4380581609061
    }
  ],
  "training_data\\我的优惠劵\\其他_20260126_190845_318056.png": [
    {
      "class": "返回按钮",
      "x1": 3.9010973164412555,
      "y1": 40.97157069088234,
      "x2": 52.16853725120902,
      "y2": 90.71593370257318
    }
  ],
  "training_data\\我的优惠劵\\其他_20260126_190846_309005.png": [
    {
      "class": "返回按钮",
      "x1": 5.758862099703015,
      "y1": 40.87371601175276,
      "x2": 54.24293270110862,
      "y2": 90.83470969008145
    }
  ],
  "training_data\\我的优惠劵\\其他_20260126_190847_303752.png": [
    {
      "class": "返回按钮",
      "x1": 5.9940131117278295,
      "y1": 41.257415342637344,
      "x2": 55.96155179690658,
      "y2": 92.70187710473918
    }
  ],
  "training_data\\我的优惠劵\\其他_20260126_190835_308805 - 副本 (10).png": [
    {
      "class": "返回按钮",
      "x1": 19.2,
      "y1": 50.215384615384615,
      "x2": 56.12307692307692,
      "y2": 90.09230769230768
    }
  ],
  "training_data\\我的优惠劵\\其他_20260126_190835_308805 - 副本 (11).png": [
    {
      "class": "返回按钮",
      "x1": 17.72307692307692,
      "y1": 45.784615384615385,
      "x2": 59.07692307692307,
      "y2": 96.0
    }
  ],
  "training_data\\我的优惠劵\\其他_20260126_190835_308805 - 副本 (12).png": [
    {
      "class": "返回按钮",
      "x1": 19.2,
      "y1": 41.35384615384615,
      "x2": 60.55384615384615,
      "y2": 91.56923076923077
    }
  ],
  "training_data\\我的优惠劵\\其他_20260126_190835_308805 - 副本 (13).png": [
    {
      "class": "返回按钮",
      "x1": 18.071824519524185,
      "y1": 40.87571983910006,
      "x2": 59.13022559497542,
      "y2": 90.79565937608976
    }
  ],
  "training_data\\我的优惠劵\\其他_20260126_190835_308805 - 副本 (14).png": [
    {
      "class": "返回按钮",
      "x1": 17.668582397740863,
      "y1": 38.01649232857759,
      "x2": 59.58067777666602,
      "y2": 88.79012616904122
    }
  ],
  "training_data\\我的优惠劵\\其他_20260126_190835_308805 - 副本 (2).png": [
    {
      "class": "返回按钮",
      "x1": 16.7665584764169,
      "y1": 39.89207069977726,
      "x2": 59.32445332585501,
      "y2": 91.31150401075384
    }
  ],
  "training_data\\我的优惠劵\\其他_20260126_190835_308805 - 副本 (3).png": [
    {
      "class": "返回按钮",
      "x1": 14.769230769230768,
      "y1": 41.35384615384615,
      "x2": 54.646153846153844,
      "y2": 84.18461538461538
    }
  ],
  "training_data\\我的优惠劵\\其他_20260126_190835_308805 - 副本 (4).png": [
    {
      "class": "返回按钮",
      "x1": 14.375117024873347,
      "y1": 40.44014434273349,
      "x2": 54.51129267859999,
      "y2": 83.5301661503063
    }
  ],
  "training_data\\我的优惠劵\\其他_20260126_190835_308805 - 副本 (5).png": [
    {
      "class": "返回按钮",
      "x1": 12.573914670885255,
      "y1": 40.85118636721287,
      "x2": 53.40070705210585,
      "y2": 84.63182490227963
    }
  ],
  "training_data\\我的优惠劵\\其他_20260126_190835_308805 - 副本 (6).png": [
    {
      "class": "返回按钮",
      "x1": 12.064010249355727,
      "y1": 39.82295428504722,
      "x2": 54.83667477048935,
      "y2": 85.54946496002701
    }
  ],
  "training_data\\我的优惠劵\\其他_20260126_190835_308805 - 副本 (7).png": [
    {
      "class": "返回按钮",
      "x1": 15.905442987845783,
      "y1": 42.61023370372713,
      "x2": 60.348761870836285,
      "y2": 90.00739874056377
    }
  ],
  "training_data\\我的优惠劵\\其他_20260126_190835_308805 - 副本 (8).png": [
    {
      "class": "返回按钮",
      "x1": 15.596698400216466,
      "y1": 43.049010792200505,
      "x2": 61.22997234494436,
      "y2": 91.63613089077454
    }
  ],
  "training_data\\我的优惠劵\\其他_20260126_190835_308805 - 副本 (9).png": [
    {
      "class": "返回按钮",
      "x1": 17.447668245988293,
      "y1": 43.583092800024154,
      "x2": 62.873413068675035,
      "y2": 91.96268377655703
    }
  ],
  "training_data\\我的优惠劵\\其他_20260126_190835_308805 - 副本.png": [
    {
      "class": "返回按钮",
      "x1": 18.60583681705921,
      "y1": 43.254929401396716,
      "x2": 63.71873218465928,
      "y2": 91.32167092284293
    }
  ],
  "training_data\\我的优惠劵\\其他_20260126_190836_298228 - 副本 (10).png": [
    {
      "class": "返回按钮",
      "x1": 17.324020219954523,
      "y1": 45.09388066166729,
      "x2": 63.71373683860146,
      "y2": 94.43744343416039
    }
  ],
  "training_data\\我的优惠劵\\其他_20260126_190836_298228 - 副本 (11).png": [
    {
      "class": "返回按钮",
      "x1": 18.309507571442538,
      "y1": 44.153801776058565,
      "x2": 65.92824938939434,
      "y2": 94.72638974785652
    }
  ],
  "training_data\\我的优惠劵\\其他_20260126_190836_298228 - 副本 (12).png": [
    {
      "class": "返回按钮",
      "x1": 17.406740591153213,
      "y1": 43.53314388591108,
      "x2": 63.85081684980557,
      "y2": 92.93106629840959
    }
  ],
  "training_data\\我的优惠劵\\其他_20260126_190836_298228 - 副本 (13).png": [
    {
      "class": "返回按钮",
      "x1": 20.4563293159419,
      "y1": 44.972659576732525,
      "x2": 65.33074032626271,
      "y2": 92.8009167408995
    }
  ],
  "training_data\\我的优惠劵\\其他_20260126_190836_298228 - 副本 (14).png": [
    {
      "class": "返回按钮",
      "x1": 20.525151779954683,
      "y1": 44.33282749600124,
      "x2": 64.08115198778755,
      "y2": 90.84267385768027
    }
  ],
  "training_data\\我的优惠劵\\其他_20260126_190836_298228 - 副本 (2).png": [
    {
      "class": "返回按钮",
      "x1": 20.253568617991807,
      "y1": 43.69833541794998,
      "x2": 65.5458040154055,
      "y2": 91.94441696920983
    }
  ],
  "training_data\\我的优惠劵\\其他_20260126_190836_298228 - 副本 (3).png": [
    {
      "class": "返回按钮",
      "x1": 18.629093404445115,
      "y1": 41.87555211435602,
      "x2": 65.02149555771791,
      "y2": 91.22180042147498
    }
  ],
  "training_data\\我的优惠劵\\其他_20260126_190836_298228 - 副本 (4).png": [
    {
      "class": "返回按钮",
      "x1": 13.332507385023742,
      "y1": 43.465281758699625,
      "x2": 60.57653617515464,
      "y2": 93.66315670267666
    }
  ],