{
  "training_data\\温馨提示\\10 - 副本 (2).png": [
    {
      "class": "关闭按钮",
      "x1": 233.35384615384615,
      "y1": 558.276923076923,
      "x2": 317.53846153846155,
      "y2": 607.0153846153846
    }
  ],
  "training_data\\温馨提示\\10 - 副本 (3).png": [
    {
      "class": "关闭按钮",
      "x1": 234.83076923076922,
      "y1": 543.5076923076923,
      "x2": 327.87692307692305,
      "y2": 612.9230769230769
    }
  ],
  "training_data\\温馨提示\\10 - 副本 (4).png": [
    {
      "class": "关闭按钮",
      "x1": 227.44615384615383,
      "y1": 549.4153846153846,
      "x2": 332.30769230769226,
      "y2": 615.876923076923
    }
  ],
  "training_data\\温馨提示\\10 - 副本 (5).png": [
    {
      "class": "关闭按钮",
      "x1": 231.87692307692308,
      "y1": 546.4615384615385,
      "x2": 329.3538461538461,
      "y2": 614.4
    }
  ],
  "training_data\\温馨提示\\10 - 副本.png": [
    {
      "class": "关闭按钮",
      "x1": 223.0153846153846,
      "y1": 546.4615384615385,
      "x2": 319.0153846153846,
      "y2": 614.4
    }
  ],
  "training_data\\温馨提示\\10.png": [
    {
      "class": "关闭按钮",
      "x1": 234.83076923076922,
      "y1": 543.5076923076923,
      "x2": 326.4,
      "y2": 614.4
    }
  ],
  "training_data\\温馨提示\\12 - 副本 (2).png": [
    {
      "class": "关闭按钮",
      "x1": 228.9230769230769,
      "y1": 543.5076923076923,
      "x2": 317.53846153846155,
      "y2": 614.4
    }
  ],
  "training_data\\温馨提示\\12 - 副本 (3).png": [
    {
      "class": "关闭按钮",
      "x1": 233.35384615384615,
      "y1": 549.4153846153846,
      "x2": 320.4923076923077,
      "y2": 611.4461538461538
    }
  ],
  "training_data\\温馨提示\\12 - 副本 (4).png": [
    {
      "class": "关闭按钮",
      "x1": 233.35384615384615,
      "y1": 549.4153846153846,
      "x2": 326.4,
      "y2": 617.3538461538461
    }
  ],
  "training_data\\温馨提示\\12 - 副本 (5).png": [
    {
      "class": "关闭按钮",
      "x1": 220.06153846153845,
      "y1": 542.0307692307692,
      "x2": 326.4,
      "y2": 617.3538461538461
    }
  ],
  "training_data\\温馨提示\\12 - 副本.png": [
    {
      "class": "关闭按钮",
      "x1": 221.53846153846152,
      "y1": 542.0307692307692,
      "x2": 320.4923076923077,
      "y2": 611.4461538461538
    }
  ],
  "training_data\\温馨提示\\12.png": [
    {
      "class": "关闭按钮",
      "x1": 231.87692307692308,
      "y1": 547.9384615384615,
      "x2": 321.96923076923076,
      "y2": 611.4461538461538
    }
  ],
  "training_data\\温馨提示\\14 - 副本 (2).png": [
    {
      "class": "关闭按钮",
      "x1": 231.87692307692308,
      "y1": 547.9384615384615,
      "x2": 317.53846153846155,
      "y2": 607.0153846153846
    }
  ],
  "training_data\\温馨提示\\14 - 副本 (3).png": [
    {
      "class": "关闭按钮",
      "x1": 228.9230769230769,
      "y1": 549.4153846153846,
      "x2": 319.0153846153846,
      "y2": 607.0153846153846
    }
  ],
  "training_data\\温馨提示\\14 - 副本 (4).png": [
    {
      "class": "关闭按钮",
      "x1": 225.96923076923076,
      "y1": 546.4615384615385,
      "x2": 313.1076923076923,
      "y2": 602.5846153846154
    }
  ],
  "training_data\\温馨提示\\14 - 副本.png": [
    {
      "class": "关闭按钮",
      "x1": 228.9230769230769,
      "y1": 540.5538461538462,
      "x2": 316.0615384615384,
      "y2": 602.5846153846154
    },
    {
      "class": "关闭按钮",
      "x1": 228.9230769230769,
      "y1": 540.5538461538462,
      "x2": 323.44615384615383,
      "y2": 608.4923076923077
    }
  ],
  "training_data\\温馨提示\\14.png": [
    {
      "class": "关闭按钮",
      "x1": 225.96923076923076,
      "y1": 537.6,
      "x2": 323.44615384615383,
      "y2": 608.4923076923077
    }
  ],
  "training_data\\温馨提示\\16 - 副本 (2).png": [
    {
      "class": "关闭按钮",
      "x1": 225.96923076923076,
      "y1": 537.6,
      "x2": 326.4,
      "y2": 614.4
    }
  ],
  "training_data\\温馨提示\\16 - 副本 (3).png": [
    {
      "class": "关闭按钮",
      "x1": 231.87692307692308,
      "y1": 555.3230769230769,
      "x2": 324.9230769230769,
      "y2": 614.4
    }
  ],
  "training_data\\温馨提示\\16 - 副本 (4).png": [
    {
      "class": "关闭按钮",
      "x1": 231.87692307692308,
      "y1": 555.3230769230769,
      "x2": 329.3538461538461,
      "y2": 608.4923076923077
    }
  ],
  "training_data\\温馨提示\\16 - 副本 (5).png": [
    {
      "class": "关闭按钮",
      "x1": 234.83076923076922,
      "y1": 543.5076923076923,
      "x2": 329.3538461538461,
      "y2": 607.0153846153846
    }
  ],
  "training_data\\温馨提示\\16 - 副本.png": [
    {
      "class": "关闭按钮",
      "x1": 230.39999999999998,
      "y1": 543.5076923076923,
      "x2": 323.44615384615383,
      "y2": 605.5384615384615
    }
  ],
  "training_data\\温馨提示\\16.png": [
    {
      "class": "关闭按钮",
      "x1": 224.4923076923077,
      "y1": 542.0307692307692,
      "x2": 321.96923076923076,
      "y2": 605.5384615384615
    }
  ],
  "training_data\\温馨提示\\18 - 副本 (2).png": [
    {
      "class": "关闭按钮",
      "x1": 224.4923076923077,
      "y1": 542.0307692307692,
      "x2": 321.96923076923076,
      "y2": 612.9230769230769
    }
  ],
  "training_data\\温馨提示\\18 - 副本 (3).png": [
    {
      "class": "关闭按钮",
      "x1": 236.3076923076923,
      "y1": 544.9846153846154,
      "x2": 321.96923076923076,
      "y2": 612.9230769230769
    }
  ],
  "training_data\\温馨提示\\18 - 副本 (4).png": [
    {
      "class": "关闭按钮",
      "x1": 236.3076923076923,
      "y1": 543.5076923076923,
      "x2": 321.96923076923076,
      "y2": 612.9230769230769
    }
  ],
  "training_data\\温馨提示\\18 - 副本 (5).png": [
    {
      "class": "关闭按钮",
      "x1": 231.87692307692308,
      "y1": 552.3692307692307,
      "x2": 323.44615384615383,
      "y2": 611.4461538461538
    }
  ],
  "training_data\\温馨提示\\18.png": [
    {
      "class": "关闭按钮",
      "x1": 230.39999999999998,
      "y1": 550.8923076923077,
      "x2": 330.8307692307692,
      "y2": 607.0153846153846
    },
    {
      "class": "关闭按钮",
      "x1": 234.83076923076922,
      "y1": 549.4153846153846,
      "x2": 329.3538461538461,
      "y2": 605.5384615384615
    }
  ],
  "training_data\\温馨提示\\2 - 副本 (3).png": [
    {
      "class": "关闭按钮",
      "x1": 234.83076923076922,
      "y1": 547.9384615384615,
      "x2": 311.6307692307692,
      "y2": 604.0615384615385
    }
  ],
  "training_data\\温馨提示\\2 - 副本 (2).png": [
    {
      "class": "关闭按钮",
      "x1": 225.96923076923076,
      "y1": 543.5076923076923,
      "x2": 316.0615384615384,
      "y2": 604.0615384615385
    }
  ],
  "training_data\\温馨提示\\2 - 副本 (4).png": [
    {
      "class": "关闭按钮",
      "x1": 234.83076923076922,
      "y1": 553.8461538461538,
      "x2": 308.67692307692306,
      "y2": 618.8307692307692
    }
  ],
  "training_data\\温馨提示\\2 - 副本 (5).png": [
    {
      "class": "关闭按钮",
      "x1": 220.06153846153845,
      "y1": 550.8923076923077,
      "x2": 324.9230769230769,
      "y2": 609.9692307692308
    }
  ],
  "training_data\\温馨提示\\2 - 副本.png": [
    {
      "class": "关闭按钮",
      "x1": 233.35384615384615,
      "y1": 553.8461538461538,
      "x2": 341.16923076923075,
      "y2": 618.8307692307692
    }
  ],
  "training_data\\温馨提示\\2.png": [
    {
      "class": "关闭按钮",
      "x1": 240.73846153846154,
      "y1": 552.3692307692307,
      "x2": 327.87692307692305,
      "y2": 605.5384615384615
    }
  ],
  "training_data\\温馨提示\\20 - 副本 (2).png": [
    {
      "class": "关闭按钮",
      "x1": 237.78461538461536,
      "y1": 550.8923076923077,
      "x2": 320.4923076923077,
      "y2": 604.0615384615385
    }
  ],
  "training_data\\温馨提示\\20 - 副本 (3).png": [
    {
      "class": "关闭按钮",
      "x1": 223.0153846153846,
      "y1": 550.8923076923077,
      "x2": 321.96923076923076,
      "y2": 604.0615384615385
    }
  ],
  "training_data\\温馨提示\\20 - 副本 (4).png": [
    {
      "class": "关闭按钮",
      "x1": 223.0153846153846,
      "y1": 550.8923076923077,
      "x2": 319.0153846153846,
      "y2": 611.4461538461538
    }
  ],
  "training_data\\温馨提示\\20 - 副本 (5).png": [
    {
      "class": "关闭按钮",
      "x1": 230.39999999999998,
      "y1": 553.8461538461538,
      "x2": 326.4,
      "y2": 608.4923076923077
    }
  ],