{
  "training_data\\个人页广告\\731d613ea7c1d04146961f2a5ff27283 - 副本 (10).png": [
    {
      "class": "确认按钮",
      "x1": 398.0069204152249,
      "y1": 527.0311418685121,
      "x2": 466.89273356401384,
      "y2": 569.6747404844291
    }
  ],
  "training_data\\个人页广告\\731d613ea7c1d04146961f2a5ff27283 - 副本 (11).png": [
    {
      "class": "确认按钮",
      "x1": 395.76233904518466,
      "y1": 527.2228435339309,
      "x2": 464.0485735603303,
      "y2": 569.2668635162046
    }
  ],
  "training_data\\个人页广告\\731d613ea7c1d04146961f2a5ff27283 - 副本 (12).png": [
    {
      "class": "确认按钮",
      "x1": 396.821992363397,
      "y1": 525.2770776172949,
      "x2": 465.4382757719657,
      "y2": 567.6511464929918
    }
  ],
  "training_data\\个人页广告\\731d613ea7c1d04146961f2a5ff27283 - 副本 (13).png": [
    {
      "class": "确认按钮",
      "x1": 397.3910521363004,
      "y1": 526.1886358444549,
      "x2": 466.0567163996497,
      "y2": 568.6120855749323
    }
  ],
  "training_data\\个人页广告\\731d613ea7c1d04146961f2a5ff27283 - 副本 (14).png": [
    {
      "class": "确认按钮",
      "x1": 395.7230036216989,
      "y1": 526.3374249983661,
      "x2": 463.6854300360578,
      "y2": 568.0576368798531
    }
  ],
  "training_data\\个人页广告\\731d613ea7c1d04146961f2a5ff27283 - 副本 (15).png": [
    {
      "class": "确认按钮",
      "x1": 391.9695698233188,
      "y1": 527.3708511960909,
      "x2": 461.6302354926602,
      "y2": 570.7893023325604
    }
  ],
  "training_data\\个人页广告\\731d613ea7c1d04146961f2a5ff27283 - 副本 (16).png": [
    {
      "class": "确认按钮",
      "x1": 392.250220471,
      "y1": 526.260289563838,
      "x2": 461.4268804165688,
      "y2": 569.1947349765348
    }
  ],
  "training_data\\个人页广告\\731d613ea7c1d04146961f2a5ff27283 - 副本 (17).png": [
    {
      "class": "确认按钮",
      "x1": 401.6753364656111,
      "y1": 527.5228243951934,
      "x2": 468.95350688450105,
      "y2": 568.5587802812114
    }
  ],
  "training_data\\个人页广告\\731d613ea7c1d04146961f2a5ff27283 - 副本 (18).png": [
    {
      "class": "确认按钮",
      "x1": 404.6906824160641,
      "y1": 528.8305607250791,
      "x2": 470.2870108786455,
      "y2": 568.1846746547885
    }
  ],
  "training_data\\个人页广告\\731d613ea7c1d04146961f2a5ff27283 - 副本 (19).png": [
    {
      "class": "确认按钮",
      "x1": 402.51850676876353,
      "y1": 527.8292091201164,
      "x2": 467.26710403037754,
      "y2": 566.3355918488585
    }
  ],
  "training_data\\个人页广告\\731d613ea7c1d04146961f2a5ff27283 - 副本 (2).png": [
    {
      "class": "确认按钮",
      "x1": 402.0106210527215,
      "y1": 526.8580566326077,
      "x2": 467.8997240377038,
      "y2": 566.5049450847181
    }
  ],
  "training_data\\个人页广告\\731d613ea7c1d04146961f2a5ff27283 - 副本 (20).png": [
    {
      "class": "确认按钮",
      "x1": 401.5507839152478,
      "y1": 524.9877052513892,
      "x2": 467.8780779105441,
      "y2": 565.0727847138136
    }
  ],
  "training_data\\个人页广告\\731d613ea7c1d04146961f2a5ff27283 - 副本 (21).png": [
    {
      "class": "确认按钮",
      "x1": 398.7934351917463,
      "y1": 529.4014838002231,
      "x2": 463.3448000352322,
      "y2": 567.710634110837
    }
  ],
  "training_data\\个人页广告\\731d613ea7c1d04146961f2a5ff27283 - 副本 (22).png": [
    {
      "class": "确认按钮",
      "x1": 397.5410237801384,
      "y1": 529.8721027379398,
      "x2": 463.9230722290905,
      "y2": 570.01193665402
    }
  ],
  "training_data\\个人页广告\\731d613ea7c1d04146961f2a5ff27283 - 副本 (23).png": [
    {
      "class": "确认按钮",
      "x1": 400.4581769507133,
      "y1": 531.4268900199697,
      "x2": 467.5352482143014,
      "y2": 572.261746750686
    }
  ],
  "training_data\\个人页广告\\731d613ea7c1d04146961f2a5ff27283 - 副本 (24).png": [
    {
      "class": "确认按钮",
      "x1": 400.0763325330983,
      "y1": 531.14145353621,
      "x2": 465.588917438326,
      "y2": 570.4118239085659
    }
  ],
  "training_data\\个人页广告\\731d613ea7c1d04146961f2a5ff27283 - 副本 (3).png": [
    {
      "class": "确认按钮",
      "x1": 399.395591039484,
      "y1": 529.2778866356545,
      "x2": 466.0990963845222,
      "y2": 569.7391774478209
    }
  ],
  "training_data\\个人页广告\\731d613ea7c1d04146961f2a5ff27283 - 副本 (4).png": [
    {
      "class": "确认按钮",
      "x1": 400.1627532298457,
      "y1": 527.8020404336598,
      "x2": 466.9719954984447,
      "y2": 568.3690681693871
    }
  ],
  "training_data\\个人页广告\\731d613ea7c1d04146961f2a5ff27283 - 副本 (5).png": [
    {
      "class": "确认按钮",
      "x1": 397.886425614533,
      "y1": 525.4586687449245,
      "x2": 466.6532056372933,
      "y2": 567.983234234813
    }
  ],
  "training_data\\个人页广告\\731d613ea7c1d04146961f2a5ff27283 - 副本 (6).png": [
    {
      "class": "确认按钮",
      "x1": 396.51597824347715,
      "y1": 524.0516234179955,
      "x2": 465.7955689812063,
      "y2": 567.088999622853
    }
  ],
  "training_data\\个人页广告\\731d613ea7c1d04146961f2a5ff27283 - 副本 (7).png": [
    {
      "class": "确认按钮",
      "x1": 397.84576972091367,
      "y1": 526.7173291134404,
      "x2": 466.07342004109086,
      "y2": 568.7027649007459
    }
  ],
  "training_data\\个人页广告\\731d613ea7c1d04146961f2a5ff27283 - 副本 (8).png": [
    {
      "class": "确认按钮",
      "x1": 397.36435153406813,
      "y1": 525.0178293108612,
      "x2": 465.31191577069376,
      "y2": 566.7231790146151
    }
  ],
  "training_data\\个人页广告\\731d613ea7c1d04146961f2a5ff27283 - 副本 (9).png": [
    {
      "class": "确认按钮",
      "x1": 400.87957678590544,
      "y1": 526.5046041409502,
      "x2": 468.4591843994829,
      "y2": 567.8419972216559
    }
  ],
  "training_data\\个人页广告\\731d613ea7c1d04146961f2a5ff27283 - 副本.png": [
    {
      "class": "确认按钮",
      "x1": 402.13727428387153,
      "y1": 527.6312201869391,
      "x2": 468.42174402057844,
      "y2": 567.6734753907742
    }
  ],
  "training_data\\个人页广告\\731d613ea7c1d04146961f2a5ff27283.png": [
    {
      "class": "确认按钮",
      "x1": 400.4719860952417,
      "y1": 528.4577011004591,
      "x2": 465.6056043558202,
      "y2": 567.3491048281658
    }
  ],
  "training_data\\个人页广告\\feef4a18feee947497161a023c374840 - 副本 (10).png": [
    {
      "class": "确认按钮",
      "x1": 401.25345356542874,
      "y1": 527.9195277036566,
      "x2": 465.4569337178589,
      "y2": 565.8807933232149
    }
  ],
  "training_data\\个人页广告\\feef4a18feee947497161a023c374840 - 副本 (11).png": [
    {
      "class": "确认按钮",
      "x1": 403.2346975613107,
      "y1": 529.0660163645462,
      "x2": 468.8701417464947,
      "y2": 568.4592460168583
    }
  ],
  "training_data\\个人页广告\\feef4a18feee947497161a023c374840 - 副本 (12).png": [
    {
      "class": "确认按钮",
      "x1": 400.2066158407818,
      "y1": 530.7261806079391,
      "x2": 465.80440248784765,
      "y2": 570.081752722133
    }
  ],
  "training_data\\个人页广告\\feef4a18feee947497161a023c374840 - 副本 (13).png": [
    {
      "class": "确认按钮",
      "x1": 401.36937913621745,
      "y1": 530.5438851171739,
      "x2": 466.5427255904224,
      "y2": 569.4750170385068
    }
  ],
  "training_data\\个人页广告\\feef4a18feee947497161a023c374840 - 副本 (14).png": [
    {
      "class": "确认按钮",
      "x1": 401.82722418691895,
      "y1": 530.318872184374,
      "x2": 468.68651551832346,
      "y2": 570.9359489829066
    }
  ],
  "training_data\\个人页广告\\feef4a18feee947497161a023c374840 - 副本 (15).png": [
    {
      "class": "确认按钮",
      "x1": 403.28022015988057,
      "y1": 528.4116629157209,
      "x2": 471.05569265269486,
      "y2": 569.9449208756632
    }
  ],
  "training_data\\个人页广告\\feef4a18feee947497161a023c374840 - 副本 (16).png": [
    {
      "class": "确认按钮",
      "x1": 399.72458628316497,
      "y1": 528.2839049868145,
      "x2": 466.1920037098997,
      "y2": 568.5091078806773
    }
  ],
  "training_data\\个人页广告\\feef4a18feee947497161a023c374840 - 副本 (17).png": [
    {
      "class": "确认按钮",
      "x1": 399.82528627679096,
      "y1": 527.698902423211,
      "x2": 465.4922754364707,
      "y2": 567.123677050019
    }
  ],
  "training_data\\个人页广告\\feef4a18feee947497161a023c374840 - 副本 (18).png": [
    {
      "class": "确认按钮",